ID,ACTION,LOCATION,ITEM SIZE,PROGRAM PROFILE,PROGRAM TYPE,SEC / ACTION,POINTS / ACTION,ACTIONS / HOUR,ACTIVE AT,INACTIVE AT
0d5ae720-5603-11f0-9bf1-42010a400006,ITEM PRESORT FINISHED,NORTH LAS VEGAS,,,,8,0.22,450,2025-07-01T07:00:00.000Z,
0d5ac021-5603-11f0-9bf1-42010a400006,SCANNED FOR PICK,NORTH LAS VEGAS,MEDIUM,,,45,1.25,80,2025-07-01T07:00:00.000Z,
0d5aaf4f-5603-11f0-9bf1-42010a400006,APPOINTMENT LOADED OUT,NORTH LAS VEGAS,,,,51.43,1.43,70,2025-07-01T07:00:00.000Z,
0d5ab11f-5603-11f0-9bf1-42010a400006,LOCATED LOAD OUT,NORTH LAS VEGAS,,,,51.43,1.43,70,2025-07-01T07:00:00.000Z,
40104a1a-843b-11f0-b3ff-42010a400009,CONSOLIDATED SINGLES PICK,NORTH LAS VEGAS,,,,16,0.44,225,2025-09-01T07:00:00.000Z,
40104719-843b-11f0-b3ff-42010a400009,CHECKED IN,NORTH LAS VEGAS,,,,55.38,1.54,65,2025-09-01T07:00:00.000Z,
401864fe-843b-11f0-b3ff-42010a400009,SCANNED FOR PICK,NORTH LAS VEGAS,SMALL,,,48,1.33,75,2025-09-01T07:00:00.000Z,
40185b58-843b-11f0-b3ff-42010a400009,ITEM PUTAWAY,NORTH LAS VEGAS,SMALL,,,11.61,0.32,310,2025-09-01T07:00:00.000Z,
6c72df2b-a097-11f0-b3ff-42010a400009,SCANNED FOR SINGLES PICK,NORTH LAS VEGAS,X-LARGE,,,180,5,20,2025-10-06T07:00:00.000Z,
6c72c853-a097-11f0-b3ff-42010a400009,SCANNED FOR PICK,NORTH LAS VEGAS,X-LARGE,,,180,5,20,2025-10-06T07:00:00.000Z,
6c72cae0-a097-11f0-b3ff-42010a400009,APPOINTMENT CONSOLIDATED,NORTH LAS VEGAS,,,,102.86,2.86,35,2025-10-06T07:00:00.000Z,
6c7169ac-a097-11f0-b3ff-42010a400009,ITEM PROCESSING FINISHED,NORTH LAS VEGAS,,VARIETY PALLET,,900,25,4,2025-10-06T07:00:00.000Z,
6c7183f5-a097-11f0-b3ff-42010a400009,ITEM PROCESSING FINISHED,NORTH LAS VEGAS,,FC MIX,,60,1.67,60,2025-10-06T07:00:00.000Z,
6c7231ec-a097-11f0-b3ff-42010a400009,MULTI-ITEM PROCESS FINISHED,NORTH LAS VEGAS,,VARIETY BOX,,60,1.67,60,2025-10-06T07:00:00.000Z,
6c7226d6-a097-11f0-b3ff-42010a400009,MULTI-ITEM PROCESS FINISHED,NORTH LAS VEGAS,,RC XL,,60,1.67,60,2025-10-06T07:00:00.000Z,
6c721bb4-a097-11f0-b3ff-42010a400009,MULTI-ITEM PROCESS FINISHED,NORTH LAS VEGAS,,SALVAGE,,60,1.67,60,2025-10-06T07:00:00.000Z,
6c717b04-a097-11f0-b3ff-42010a400009,ITEM PROCESSING FINISHED,NORTH LAS VEGAS,,RC XL,,240,6.67,15,2025-10-06T07:00:00.000Z,
6c720b17-a097-11f0-b3ff-42010a400009,ITEM PROCESSING FINISHED,NORTH LAS VEGAS,,VARIETY BOX,,240,6.67,15,2025-10-06T07:00:00.000Z,
6c716e0a-a097-11f0-b3ff-42010a400009,ITEM PROCESSING FINISHED,NORTH LAS VEGAS,,SALVAGE,,240,6.67,15,2025-10-06T07:00:00.000Z,
6c721464-a097-11f0-b3ff-42010a400009,MULTI-ITEM PROCESS FINISHED,NORTH LAS VEGAS,,VARIETY PALLET,,225,6.25,16,2025-10-06T07:00:00.000Z,
6c71703b-a097-11f0-b3ff-42010a400009,ITEM PROCESSING FINISHED,NORTH LAS VEGAS,,FC SORTABLE,,40,1.11,90,2025-10-06T07:00:00.000Z,
6c723b6c-a097-11f0-b3ff-42010a400009,ITEM PUTAWAY,NORTH LAS VEGAS,X-LARGE,,,144,4,25,2025-10-06T07:00:00.000Z,
6c722c13-a097-11f0-b3ff-42010a400009,MULTI-ITEM PROCESS FINISHED,NORTH LAS VEGAS,,RC MIX,,30,0.83,120,2025-10-06T07:00:00.000Z,
6c722980-a097-11f0-b3ff-42010a400009,MULTI-ITEM PROCESS FINISHED,NORTH LAS VEGAS,,FC XL,,30,0.83,120,2025-10-06T07:00:00.000Z,
6c717f9c-a097-11f0-b3ff-42010a400009,ITEM PROCESSING FINISHED,NORTH LAS VEGAS,,RC MIX,,120,3.33,30,2025-10-06T07:00:00.000Z,
6c717d54-a097-11f0-b3ff-42010a400009,ITEM PROCESSING FINISHED,NORTH LAS VEGAS,,FC XL,,120,3.33,30,2025-10-06T07:00:00.000Z,
6c72bfbf-a097-11f0-b3ff-42010a400009,RETURN ITEM REJECTED,NORTH LAS VEGAS,,,,20,0.56,180,2025-10-06T07:00:00.000Z,
6c723f52-a097-11f0-b3ff-42010a400009,RETURN ITEM RECEIVED,NORTH LAS VEGAS,,,,20,0.56,180,2025-10-06T07:00:00.000Z,
6c722f62-a097-11f0-b3ff-42010a400009,MULTI-ITEM PROCESS FINISHED,NORTH LAS VEGAS,,FC MIX,,15,0.42,240,2025-10-06T07:00:00.000Z,
6c721e63-a097-11f0-b3ff-42010a400009,MULTI-ITEM PROCESS FINISHED,NORTH LAS VEGAS,,FC SORTABLE,,10,0.28,360,2025-10-06T07:00:00.000Z,
6c72d7a6-a097-11f0-b3ff-42010a400009,SCANNED FOR SINGLES PICK,NORTH LAS VEGAS,MEDIUM,,,32.73,0.91,110,2025-10-06T07:00:00.000Z,
6c72cd69-a097-11f0-b3ff-42010a400009,APPOINTMENT CREATED,NORTH LAS VEGAS,,,,13.33,0.37,270,2025-10-06T07:00:00.000Z,
6c72c594-a097-11f0-b3ff-42010a400009,SCANNED FOR PICK,NORTH LAS VEGAS,LARGE,,,65.45,1.82,55,2025-10-06T07:00:00.000Z,
6c72db05-a097-11f0-b3ff-42010a400009,SCANNED FOR SINGLES PICK,NORTH LAS VEGAS,LARGE,,,65.45,1.82,55,2025-10-06T07:00:00.000Z,
6c72d3ab-a097-11f0-b3ff-42010a400009,SCANNED FOR SINGLES PICK,NORTH LAS VEGAS,SMALL,,,34.29,0.95,105,2025-10-06T07:00:00.000Z,
8c80f567-be9b-11f0-95e2-42010a40000b,PICKED MULTIPICK ITEM,NORTH LAS VEGAS,X-LARGE,,,180,5,20,2025-11-11T08:00:00.000Z,
8c80e764-be9b-11f0-95e2-42010a40000b,PICKED MULTIPICK ITEM,NORTH LAS VEGAS,MEDIUM,,,45,1.25,80,2025-11-11T08:00:00.000Z,
8c80eb89-be9b-11f0-95e2-42010a40000b,PICKED MULTIPICK ITEM,NORTH LAS VEGAS,SMALL,,,48,1.33,75,2025-11-11T08:00:00.000Z,
8c80ed07-be9b-11f0-95e2-42010a40000b,PICKED MULTIPICK ITEM,NORTH LAS VEGAS,LARGE,,,65.45,1.82,55,2025-11-11T08:00:00.000Z,
373fca22-c4b6-11f0-95e2-42010a40000b,CONTAINER TO RACK PUTAWAY,NORTH LAS VEGAS,,,,34.29,0.95,105,2025-10-06T07:00:00.000Z,
85ef0cd2-f0a5-11f0-95e2-42010a40000b,ITEM PROCESSING FINISHED,NORTH LAS VEGAS,,FC NONSORT,,60,1.67,60,2026-01-19T07:00:00.000Z,
85ef1278-f0a5-11f0-95e2-42010a40000b,ITEM PROCESSING FINISHED,NORTH LAS VEGAS,,DTL,,150,4.17,24,2026-01-19T07:00:00.000Z,
85ef301d-f0a5-11f0-95e2-42010a40000b,MULTI-ITEM PROCESS FINISHED,NORTH LAS VEGAS,,DTL,,37.5,1.04,96,2026-01-19T07:00:00.000Z,
85eeef2d-f0a5-11f0-95e2-42010a40000b,SCANNED FOR TRASH / NO-SALE,NORTH LAS VEGAS,,,,30,0.83,120,2026-01-19T07:00:00.000Z,
85eeff4a-f0a5-11f0-95e2-42010a40000b,ITEM PROCESSING FINISHED,NORTH LAS VEGAS,,RC SORTABLE,,55.38,1.54,65,2026-01-19T07:00:00.000Z,
85ef048c-f0a5-11f0-95e2-42010a40000b,ITEM PROCESSING FINISHED,NORTH LAS VEGAS,,RC NONSORT,,112.5,3.13,32,2026-01-19T07:00:00.000Z,
85eef4ab-f0a5-11f0-95e2-42010a40000b,ITEM PUTAWAY,NORTH LAS VEGAS,MEDIUM,,,20,0.56,180,2026-01-19T07:00:00.000Z,
85ef2ae3-f0a5-11f0-95e2-42010a40000b,MULTI-ITEM PROCESS FINISHED,NORTH LAS VEGAS,,FC NONSORT,,15,0.42,240,2026-01-19T07:00:00.000Z,
85ef1867-f0a5-11f0-95e2-42010a40000b,MULTI-ITEM PROCESS FINISHED,NORTH LAS VEGAS,,RC SORTABLE,,13.85,0.38,260,2026-01-19T07:00:00.000Z,
85eefa10-f0a5-11f0-95e2-42010a40000b,ITEM PUTAWAY,NORTH LAS VEGAS,LARGE,,,37.89,1.05,95,2026-01-19T07:00:00.000Z,
85ef2212-f0a5-11f0-95e2-42010a40000b,MULTI-ITEM PROCESS FINISHED,NORTH LAS VEGAS,,RC NONSORT,,28.13,0.78,128,2026-01-19T07:00:00.000Z,
e4fe3e1d-0c44-11f1-95e2-42010a40000b,MARKED ITEM AS FOUND,NORTH LAS VEGAS,X-LARGE,,,144,4,25,2026-02-18T07:00:00.000Z,
e543fefd-0c44-11f1-95e2-42010a40000b,MARKED ITEM AS FOUND,NORTH LAS VEGAS,MEDIUM,,,20,0.56,180,2026-02-18T07:00:00.000Z,
e4d0eadf-0c44-11f1-95e2-42010a40000b,MARKED ITEM AS FOUND,NORTH LAS VEGAS,SMALL,,,11.61,0.32,310,2026-02-18T07:00:00.000Z,
e57df8f2-0c44-11f1-95e2-42010a40000b,MARKED ITEM AS FOUND,NORTH LAS VEGAS,LARGE,,,37.89,1.05,95,2026-02-18T07:00:00.000Z,
8de0f7dd-4e28-11f1-8647-42010a40000d,CONSOLIDATED MULTIPICK APPOINTMENT,NORTH LAS VEGAS,,,,69.23,1.92,52,2026-05-13T07:00:00.000Z,
0d5ae69a-5603-11f0-9bf1-42010a400006,ITEM PRESORT FINISHED,KATY,,,,8,0.22,450,2025-07-01T07:00:00.000Z,
0d5abf9d-5603-11f0-9bf1-42010a400006,SCANNED FOR PICK,KATY,MEDIUM,,,45,1.25,80,2025-07-01T07:00:00.000Z,
7a432c5d-6e39-11f0-9bf1-42010a400006,APPOINTMENT LOADED OUT,KATY,,,,56.25,1.56,64,2025-08-01T07:00:00.000Z,
7a433684-6e39-11f0-9bf1-42010a400006,LOCATED LOAD OUT,KATY,,,,56.25,1.56,64,2025-08-01T07:00:00.000Z,
40186432-843b-11f0-b3ff-42010a400009,SCANNED FOR PICK,KATY,SMALL,,,48,1.33,75,2025-09-01T07:00:00.000Z,
40185a76-843b-11f0-b3ff-42010a400009,ITEM PUTAWAY,KATY,SMALL,,,11.61,0.32,310,2025-09-01T07:00:00.000Z,
6c72c8e6-a097-11f0-b3ff-42010a400009,SCANNED FOR PICK,KATY,X-LARGE,,,180,5,20,2025-10-06T07:00:00.000Z,
6c72dfd6-a097-11f0-b3ff-42010a400009,SCANNED FOR SINGLES PICK,KATY,X-LARGE,,,180,5,20,2025-10-06T07:00:00.000Z,
6c716a2c-a097-11f0-b3ff-42010a400009,ITEM PROCESSING FINISHED,KATY,,VARIETY PALLET,,900,25,4,2025-10-06T07:00:00.000Z,
6c7184d9-a097-11f0-b3ff-42010a400009,ITEM PROCESSING FINISHED,KATY,,FC MIX,,60,1.67,60,2025-10-06T07:00:00.000Z,
6c721c56-a097-11f0-b3ff-42010a400009,MULTI-ITEM PROCESS FINISHED,KATY,,SALVAGE,,60,1.67,60,2025-10-06T07:00:00.000Z,
6c722762-a097-11f0-b3ff-42010a400009,MULTI-ITEM PROCESS FINISHED,KATY,,RC XL,,60,1.67,60,2025-10-06T07:00:00.000Z,
6c723289-a097-11f0-b3ff-42010a400009,MULTI-ITEM PROCESS FINISHED,KATY,,VARIETY BOX,,60,1.67,60,2025-10-06T07:00:00.000Z,
6c717b8b-a097-11f0-b3ff-42010a400009,ITEM PROCESSING FINISHED,KATY,,RC XL,,240,6.67,15,2025-10-06T07:00:00.000Z,
6c716e82-a097-11f0-b3ff-42010a400009,ITEM PROCESSING FINISHED,KATY,,SALVAGE,,240,6.67,15,2025-10-06T07:00:00.000Z,
6c720c3c-a097-11f0-b3ff-42010a400009,ITEM PROCESSING FINISHED,KATY,,VARIETY BOX,,240,6.67,15,2025-10-06T07:00:00.000Z,
6c721551-a097-11f0-b3ff-42010a400009,MULTI-ITEM PROCESS FINISHED,KATY,,VARIETY PALLET,,225,6.25,16,2025-10-06T07:00:00.000Z,
6c7170b1-a097-11f0-b3ff-42010a400009,ITEM PROCESSING FINISHED,KATY,,FC SORTABLE,,40,1.11,90,2025-10-06T07:00:00.000Z,
6c723c6a-a097-11f0-b3ff-42010a400009,ITEM PUTAWAY,KATY,X-LARGE,,,144,4,25,2025-10-06T07:00:00.000Z,
6c722a16-a097-11f0-b3ff-42010a400009,MULTI-ITEM PROCESS FINISHED,KATY,,FC XL,,30,0.83,120,2025-10-06T07:00:00.000Z,
6c722ca0-a097-11f0-b3ff-42010a400009,MULTI-ITEM PROCESS FINISHED,KATY,,RC MIX,,30,0.83,120,2025-10-06T07:00:00.000Z,
6c717dd3-a097-11f0-b3ff-42010a400009,ITEM PROCESSING FINISHED,KATY,,FC XL,,120,3.33,30,2025-10-06T07:00:00.000Z,
6c7180fa-a097-11f0-b3ff-42010a400009,ITEM PROCESSING FINISHED,KATY,,RC MIX,,120,3.33,30,2025-10-06T07:00:00.000Z,
6c72cb67-a097-11f0-b3ff-42010a400009,APPOINTMENT CONSOLIDATED,KATY,,,,120,3.33,30,2025-10-06T07:00:00.000Z,
6c723fef-a097-11f0-b3ff-42010a400009,RETURN ITEM RECEIVED,KATY,,,,20,0.56,180,2025-10-06T07:00:00.000Z,
6c72c153-a097-11f0-b3ff-42010a400009,RETURN ITEM REJECTED,KATY,,,,20,0.56,180,2025-10-06T07:00:00.000Z,
6c722ff9-a097-11f0-b3ff-42010a400009,MULTI-ITEM PROCESS FINISHED,KATY,,FC MIX,,15,0.42,240,2025-10-06T07:00:00.000Z,
6c721f3f-a097-11f0-b3ff-42010a400009,MULTI-ITEM PROCESS FINISHED,KATY,,FC SORTABLE,,10,0.28,360,2025-10-06T07:00:00.000Z,
6c72e25e-a097-11f0-b3ff-42010a400009,CONSOLIDATED SINGLES PICK,KATY,,,,24,0.67,150,2025-10-06T07:00:00.000Z,
6c72d89e-a097-11f0-b3ff-42010a400009,SCANNED FOR SINGLES PICK,KATY,MEDIUM,,,32.73,0.91,110,2025-10-06T07:00:00.000Z,
6c72cdf4-a097-11f0-b3ff-42010a400009,APPOINTMENT CREATED,KATY,,,,13.33,0.37,270,2025-10-06T07:00:00.000Z,
6c72c632-a097-11f0-b3ff-42010a400009,SCANNED FOR PICK,KATY,LARGE,,,65.45,1.82,55,2025-10-06T07:00:00.000Z,
6c72dcf2-a097-11f0-b3ff-42010a400009,SCANNED FOR SINGLES PICK,KATY,LARGE,,,65.45,1.82,55,2025-10-06T07:00:00.000Z,
6c72d1a7-a097-11f0-b3ff-42010a400009,CHECKED IN,KATY,,,,65.45,1.82,55,2025-10-06T07:00:00.000Z,
6c72d44b-a097-11f0-b3ff-42010a400009,SCANNED FOR SINGLES PICK,KATY,SMALL,,,34.29,0.95,105,2025-10-06T07:00:00.000Z,
8c80f6e6-be9b-11f0-95e2-42010a40000b,PICKED MULTIPICK ITEM,KATY,X-LARGE,,,180,5,20,2025-11-11T08:00:00.000Z,
8c80e5d0-be9b-11f0-95e2-42010a40000b,PICKED MULTIPICK ITEM,KATY,MEDIUM,,,45,1.25,80,2025-11-11T08:00:00.000Z,
8c80eb24-be9b-11f0-95e2-42010a40000b,PICKED MULTIPICK ITEM,KATY,SMALL,,,48,1.33,75,2025-11-11T08:00:00.000Z,
8c80f0c2-be9b-11f0-95e2-42010a40000b,PICKED MULTIPICK ITEM,KATY,LARGE,,,65.45,1.82,55,2025-11-11T08:00:00.000Z,
974a9b59-be9c-11f0-95e2-42010a40000b,CONSOLIDATED MULTIPICK APPOINTMENT,KATY,,,,120,3.33,30,2025-11-11T08:00:00.000Z,
373f0650-c4b6-11f0-95e2-42010a40000b,CONTAINER TO RACK PUTAWAY,KATY,,,,34.29,0.95,105,2025-10-06T07:00:00.000Z,
85ef097e-f0a5-11f0-95e2-42010a40000b,ITEM PROCESSING FINISHED,KATY,,FC NONSORT,,60,1.67,60,2026-01-19T07:00:00.000Z,
85ef10b9-f0a5-11f0-95e2-42010a40000b,ITEM PROCESSING FINISHED,KATY,,DTL,,150,4.17,24,2026-01-19T07:00:00.000Z,
85ef2e59-f0a5-11f0-95e2-42010a40000b,MULTI-ITEM PROCESS FINISHED,KATY,,DTL,,37.5,1.04,96,2026-01-19T07:00:00.000Z,
85eee97b-f0a5-11f0-95e2-42010a40000b,SCANNED FOR TRASH / NO-SALE,KATY,,,,30,0.83,120,2026-01-19T07:00:00.000Z,
85eefd92-f0a5-11f0-95e2-42010a40000b,ITEM PROCESSING FINISHED,KATY,,RC SORTABLE,,55.38,1.54,65,2026-01-19T07:00:00.000Z,
85ef02cd-f0a5-11f0-95e2-42010a40000b,ITEM PROCESSING FINISHED,KATY,,RC NONSORT,,112.5,3.13,32,2026-01-19T07:00:00.000Z,
85eef2eb-f0a5-11f0-95e2-42010a40000b,ITEM PUTAWAY,KATY,MEDIUM,,,20,0.56,180,2026-01-19T07:00:00.000Z,
85ef28ec-f0a5-11f0-95e2-42010a40000b,MULTI-ITEM PROCESS FINISHED,KATY,,FC NONSORT,,15,0.42,240,2026-01-19T07:00:00.000Z,
85ef16a2-f0a5-11f0-95e2-42010a40000b,MULTI-ITEM PROCESS FINISHED,KATY,,RC SORTABLE,,13.85,0.38,260,2026-01-19T07:00:00.000Z,
85eef83e-f0a5-11f0-95e2-42010a40000b,ITEM PUTAWAY,KATY,LARGE,,,37.89,1.05,95,2026-01-19T07:00:00.000Z,
85ef1bf1-f0a5-11f0-95e2-42010a40000b,MULTI-ITEM PROCESS FINISHED,KATY,,RC NONSORT,,28.13,0.78,128,2026-01-19T07:00:00.000Z,
e50ae7f2-0c44-11f1-95e2-42010a40000b,MARKED ITEM AS FOUND,KATY,X-LARGE,,,144,4,25,2026-02-18T07:00:00.000Z,
e53076fd-0c44-11f1-95e2-42010a40000b,MARKED ITEM AS FOUND,KATY,MEDIUM,,,20,0.56,180,2026-02-18T07:00:00.000Z,
e4be1152-0c44-11f1-95e2-42010a40000b,MARKED ITEM AS FOUND,KATY,SMALL,,,11.61,0.32,310,2026-02-18T07:00:00.000Z,
e5694990-0c44-11f1-95e2-42010a40000b,MARKED ITEM AS FOUND,KATY,LARGE,,,37.89,1.05,95,2026-02-18T07:00:00.000Z,
6c72dee2-a097-11f0-b3ff-42010a400009,SCANNED FOR SINGLES PICK,SW HOUSTON,X-LARGE,,,180,5,20,2025-10-06T07:00:00.000Z,
6c72c7fb-a097-11f0-b3ff-42010a400009,SCANNED FOR PICK,SW HOUSTON,X-LARGE,,,180,5,20,2025-10-06T07:00:00.000Z,
6c716962-a097-11f0-b3ff-42010a400009,ITEM PROCESSING FINISHED,SW HOUSTON,,VARIETY PALLET,,900,25,4,2025-10-06T07:00:00.000Z,
6c72e343-a097-11f0-b3ff-42010a400009,ITEM PRESORT FINISHED,SW HOUSTON,,,,8,0.22,450,2025-10-06T07:00:00.000Z,
6c72267e-a097-11f0-b3ff-42010a400009,MULTI-ITEM PROCESS FINISHED,SW HOUSTON,,RC XL,,60,1.67,60,2025-10-06T07:00:00.000Z,
6c721b6c-a097-11f0-b3ff-42010a400009,MULTI-ITEM PROCESS FINISHED,SW HOUSTON,,SALVAGE,,60,1.67,60,2025-10-06T07:00:00.000Z,
6c718387-a097-11f0-b3ff-42010a400009,ITEM PROCESSING FINISHED,SW HOUSTON,,FC MIX,,60,1.67,60,2025-10-06T07:00:00.000Z,
6c72319e-a097-11f0-b3ff-42010a400009,MULTI-ITEM PROCESS FINISHED,SW HOUSTON,,VARIETY BOX,,60,1.67,60,2025-10-06T07:00:00.000Z,
6c717abd-a097-11f0-b3ff-42010a400009,ITEM PROCESSING FINISHED,SW HOUSTON,,RC XL,,240,6.67,15,2025-10-06T07:00:00.000Z,
6c716dce-a097-11f0-b3ff-42010a400009,ITEM PROCESSING FINISHED,SW HOUSTON,,SALVAGE,,240,6.67,15,2025-10-06T07:00:00.000Z,
6c72089e-a097-11f0-b3ff-42010a400009,ITEM PROCESSING FINISHED,SW HOUSTON,,VARIETY BOX,,240,6.67,15,2025-10-06T07:00:00.000Z,
6c72c33a-a097-11f0-b3ff-42010a400009,SCANNED FOR PICK,SW HOUSTON,MEDIUM,,,45,1.25,80,2025-10-06T07:00:00.000Z,
6c7213c7-a097-11f0-b3ff-42010a400009,MULTI-ITEM PROCESS FINISHED,SW HOUSTON,,VARIETY PALLET,,225,6.25,16,2025-10-06T07:00:00.000Z,
6c716ff8-a097-11f0-b3ff-42010a400009,ITEM PROCESSING FINISHED,SW HOUSTON,,FC SORTABLE,,40,1.11,90,2025-10-06T07:00:00.000Z,
6c723ad5-a097-11f0-b3ff-42010a400009,ITEM PUTAWAY,SW HOUSTON,X-LARGE,,,144,4,25,2025-10-06T07:00:00.000Z,
6c722936-a097-11f0-b3ff-42010a400009,MULTI-ITEM PROCESS FINISHED,SW HOUSTON,,FC XL,,30,0.83,120,2025-10-06T07:00:00.000Z,
6c722bca-a097-11f0-b3ff-42010a400009,MULTI-ITEM PROCESS FINISHED,SW HOUSTON,,RC MIX,,30,0.83,120,2025-10-06T07:00:00.000Z,
6c72ca99-a097-11f0-b3ff-42010a400009,APPOINTMENT CONSOLIDATED,SW HOUSTON,,,,120,3.33,30,2025-10-06T07:00:00.000Z,
6c717f58-a097-11f0-b3ff-42010a400009,ITEM PROCESSING FINISHED,SW HOUSTON,,RC MIX,,120,3.33,30,2025-10-06T07:00:00.000Z,
6c717d14-a097-11f0-b3ff-42010a400009,ITEM PROCESSING FINISHED,SW HOUSTON,,FC XL,,120,3.33,30,2025-10-06T07:00:00.000Z,
6c723f01-a097-11f0-b3ff-42010a400009,RETURN ITEM RECEIVED,SW HOUSTON,,,,20,0.56,180,2025-10-06T07:00:00.000Z,
6c7241cd-a097-11f0-b3ff-42010a400009,RETURN ITEM REJECTED,SW HOUSTON,,,,20,0.56,180,2025-10-06T07:00:00.000Z,
6c722f1b-a097-11f0-b3ff-42010a400009,MULTI-ITEM PROCESS FINISHED,SW HOUSTON,,FC MIX,,15,0.42,240,2025-10-06T07:00:00.000Z,
6c72c29a-a097-11f0-b3ff-42010a400009,SCANNED FOR PICK,SW HOUSTON,SMALL,,,48,1.33,75,2025-10-06T07:00:00.000Z,
6c721e1c-a097-11f0-b3ff-42010a400009,MULTI-ITEM PROCESS FINISHED,SW HOUSTON,,FC SORTABLE,,10,0.28,360,2025-10-06T07:00:00.000Z,
6c72e1bf-a097-11f0-b3ff-42010a400009,CONSOLIDATED SINGLES PICK,SW HOUSTON,,,,24,0.67,150,2025-10-06T07:00:00.000Z,
6c72d716-a097-11f0-b3ff-42010a400009,SCANNED FOR SINGLES PICK,SW HOUSTON,MEDIUM,,,32.73,0.91,110,2025-10-06T07:00:00.000Z,
6c723398-a097-11f0-b3ff-42010a400009,ITEM PUTAWAY,SW HOUSTON,SMALL,,,11.61,0.32,310,2025-10-06T07:00:00.000Z,
6c72cd23-a097-11f0-b3ff-42010a400009,APPOINTMENT CREATED,SW HOUSTON,,,,13.33,0.37,270,2025-10-06T07:00:00.000Z,
6c72c54c-a097-11f0-b3ff-42010a400009,SCANNED FOR PICK,SW HOUSTON,LARGE,,,65.45,1.82,55,2025-10-06T07:00:00.000Z,
6c72d118-a097-11f0-b3ff-42010a400009,CHECKED IN,SW HOUSTON,,,,65.45,1.82,55,2025-10-06T07:00:00.000Z,
6c72daaf-a097-11f0-b3ff-42010a400009,SCANNED FOR SINGLES PICK,SW HOUSTON,LARGE,,,65.45,1.82,55,2025-10-06T07:00:00.000Z,
6c72d361-a097-11f0-b3ff-42010a400009,SCANNED FOR SINGLES PICK,SW HOUSTON,SMALL,,,34.29,0.95,105,2025-10-06T07:00:00.000Z,
6c72e2b3-a097-11f0-b3ff-42010a400009,LOCATED LOAD OUT,SW HOUSTON,,,,56.25,1.56,64,2025-10-06T07:00:00.000Z,
6c72ced4-a097-11f0-b3ff-42010a400009,APPOINTMENT LOADED OUT,SW HOUSTON,,,,56.25,1.56,64,2025-10-06T07:00:00.000Z,
8c80f686-be9b-11f0-95e2-42010a40000b,PICKED MULTIPICK ITEM,SW HOUSTON,X-LARGE,,,180,5,20,2025-11-11T08:00:00.000Z,
8c80e8cb-be9b-11f0-95e2-42010a40000b,PICKED MULTIPICK ITEM,SW HOUSTON,MEDIUM,,,45,1.25,80,2025-11-11T08:00:00.000Z,
8c80ec46-be9b-11f0-95e2-42010a40000b,PICKED MULTIPICK ITEM,SW HOUSTON,SMALL,,,48,1.33,75,2025-11-11T08:00:00.000Z,
8c80ed65-be9b-11f0-95e2-42010a40000b,PICKED MULTIPICK ITEM,SW HOUSTON,LARGE,,,65.45,1.82,55,2025-11-11T08:00:00.000Z,
974a9966-be9c-11f0-95e2-42010a40000b,CONSOLIDATED MULTIPICK APPOINTMENT,SW HOUSTON,,,,120,3.33,30,2025-11-11T08:00:00.000Z,
373fc9b7-c4b6-11f0-95e2-42010a40000b,CONTAINER TO RACK PUTAWAY,SW HOUSTON,,,,34.29,0.95,105,2025-10-06T07:00:00.000Z,
85ef0e09-f0a5-11f0-95e2-42010a40000b,ITEM PROCESSING FINISHED,SW HOUSTON,,FC NONSORT,,60,1.67,60,2026-01-19T07:00:00.000Z,
85ef13a2-f0a5-11f0-95e2-42010a40000b,ITEM PROCESSING FINISHED,SW HOUSTON,,DTL,,150,4.17,24,2026-01-19T07:00:00.000Z,
85ef314b-f0a5-11f0-95e2-42010a40000b,MULTI-ITEM PROCESS FINISHED,SW HOUSTON,,DTL,,37.5,1.04,96,2026-01-19T07:00:00.000Z,
85eef06b-f0a5-11f0-95e2-42010a40000b,SCANNED FOR TRASH / NO-SALE,SW HOUSTON,,,,30,0.83,120,2026-01-19T07:00:00.000Z,
85ef0070-f0a5-11f0-95e2-42010a40000b,ITEM PROCESSING FINISHED,SW HOUSTON,,RC SORTABLE,,55.38,1.54,65,2026-01-19T07:00:00.000Z,
85ef05b3-f0a5-11f0-95e2-42010a40000b,ITEM PROCESSING FINISHED,SW HOUSTON,,RC NONSORT,,112.5,3.13,32,2026-01-19T07:00:00.000Z,
85eef5de-f0a5-11f0-95e2-42010a40000b,ITEM PUTAWAY,SW HOUSTON,MEDIUM,,,20,0.56,180,2026-01-19T07:00:00.000Z,
85ef2c11-f0a5-11f0-95e2-42010a40000b,MULTI-ITEM PROCESS FINISHED,SW HOUSTON,,FC NONSORT,,15,0.42,240,2026-01-19T07:00:00.000Z,
85ef1994-f0a5-11f0-95e2-42010a40000b,MULTI-ITEM PROCESS FINISHED,SW HOUSTON,,RC SORTABLE,,13.85,0.38,260,2026-01-19T07:00:00.000Z,
85eefb3e-f0a5-11f0-95e2-42010a40000b,ITEM PUTAWAY,SW HOUSTON,LARGE,,,37.89,1.05,95,2026-01-19T07:00:00.000Z,
85ef236c-f0a5-11f0-95e2-42010a40000b,MULTI-ITEM PROCESS FINISHED,SW HOUSTON,,RC NONSORT,,28.13,0.78,128,2026-01-19T07:00:00.000Z,
e4f7bc32-0c44-11f1-95e2-42010a40000b,MARKED ITEM AS FOUND,SW HOUSTON,X-LARGE,,,144,4,25,2026-02-18T07:00:00.000Z,
e5508a11-0c44-11f1-95e2-42010a40000b,MARKED ITEM AS FOUND,SW HOUSTON,MEDIUM,,,20,0.56,180,2026-02-18T07:00:00.000Z,
e4dd75b5-0c44-11f1-95e2-42010a40000b,MARKED ITEM AS FOUND,SW HOUSTON,SMALL,,,11.61,0.32,310,2026-02-18T07:00:00.000Z,
e58a3364-0c44-11f1-95e2-42010a40000b,MARKED ITEM AS FOUND,SW HOUSTON,LARGE,,,37.89,1.05,95,2026-02-18T07:00:00.000Z,
0d5ae858-5603-11f0-9bf1-42010a400006,ITEM PRESORT FINISHED,PHOENIX,,,,8,0.22,450,2025-07-01T07:00:00.000Z,
0d5ab14a-5603-11f0-9bf1-42010a400006,LOCATED LOAD OUT,PHOENIX,,,,60,1.67,60,2025-07-01T07:00:00.000Z,
0d5aafc8-5603-11f0-9bf1-42010a400006,APPOINTMENT LOADED OUT,PHOENIX,,,,60,1.67,60,2025-07-01T07:00:00.000Z,
6c72dde6-a097-11f0-b3ff-42010a400009,SCANNED FOR SINGLES PICK,PHOENIX,X-LARGE,,,180,5,20,2025-10-06T07:00:00.000Z,
6c72c719-a097-11f0-b3ff-42010a400009,SCANNED FOR PICK,PHOENIX,X-LARGE,,,180,5,20,2025-10-06T07:00:00.000Z,
6c71686d-a097-11f0-b3ff-42010a400009,ITEM PROCESSING FINISHED,PHOENIX,,VARIETY PALLET,,900,25,4,2025-10-06T07:00:00.000Z,
6c7225a0-a097-11f0-b3ff-42010a400009,MULTI-ITEM PROCESS FINISHED,PHOENIX,,RC XL,,60,1.67,60,2025-10-06T07:00:00.000Z,
6c721a86-a097-11f0-b3ff-42010a400009,MULTI-ITEM PROCESS FINISHED,PHOENIX,,SALVAGE,,60,1.67,60,2025-10-06T07:00:00.000Z,
6c71824e-a097-11f0-b3ff-42010a400009,ITEM PROCESSING FINISHED,PHOENIX,,FC MIX,,60,1.67,60,2025-10-06T07:00:00.000Z,
6c7230c7-a097-11f0-b3ff-42010a400009,MULTI-ITEM PROCESS FINISHED,PHOENIX,,VARIETY BOX,,60,1.67,60,2025-10-06T07:00:00.000Z,
6c717a04-a097-11f0-b3ff-42010a400009,ITEM PROCESSING FINISHED,PHOENIX,,RC XL,,240,6.67,15,2025-10-06T07:00:00.000Z,
6c716d1e-a097-11f0-b3ff-42010a400009,ITEM PROCESSING FINISHED,PHOENIX,,SALVAGE,,240,6.67,15,2025-10-06T07:00:00.000Z,
6c71859f-a097-11f0-b3ff-42010a400009,ITEM PROCESSING FINISHED,PHOENIX,,VARIETY BOX,,240,6.67,15,2025-10-06T07:00:00.000Z,
6c72c2e7-a097-11f0-b3ff-42010a400009,SCANNED FOR PICK,PHOENIX,MEDIUM,,,45,1.25,80,2025-10-06T07:00:00.000Z,
6c7211dd-a097-11f0-b3ff-42010a400009,MULTI-ITEM PROCESS FINISHED,PHOENIX,,VARIETY PALLET,,225,6.25,16,2025-10-06T07:00:00.000Z,
6c716f3e-a097-11f0-b3ff-42010a400009,ITEM PROCESSING FINISHED,PHOENIX,,FC SORTABLE,,40,1.11,90,2025-10-06T07:00:00.000Z,
6c72389f-a097-11f0-b3ff-42010a400009,ITEM PUTAWAY,PHOENIX,X-LARGE,,,144,4,25,2025-10-06T07:00:00.000Z,
6c722af3-a097-11f0-b3ff-42010a400009,MULTI-ITEM PROCESS FINISHED,PHOENIX,,RC MIX,,30,0.83,120,2025-10-06T07:00:00.000Z,
6c72283a-a097-11f0-b3ff-42010a400009,MULTI-ITEM PROCESS FINISHED,PHOENIX,,FC XL,,30,0.83,120,2025-10-06T07:00:00.000Z,
6c717c4c-a097-11f0-b3ff-42010a400009,ITEM PROCESSING FINISHED,PHOENIX,,FC XL,,120,3.33,30,2025-10-06T07:00:00.000Z,
6c717e98-a097-11f0-b3ff-42010a400009,ITEM PROCESSING FINISHED,PHOENIX,,RC MIX,,120,3.33,30,2025-10-06T07:00:00.000Z,
6c72c9c1-a097-11f0-b3ff-42010a400009,APPOINTMENT CONSOLIDATED,PHOENIX,,,,120,3.33,30,2025-10-06T07:00:00.000Z,
6c723e1c-a097-11f0-b3ff-42010a400009,RETURN ITEM RECEIVED,PHOENIX,,,,20,0.56,180,2025-10-06T07:00:00.000Z,
6c7240e4-a097-11f0-b3ff-42010a400009,RETURN ITEM REJECTED,PHOENIX,,,,20,0.56,180,2025-10-06T07:00:00.000Z,
6c722d7d-a097-11f0-b3ff-42010a400009,MULTI-ITEM PROCESS FINISHED,PHOENIX,,FC MIX,,15,0.42,240,2025-10-06T07:00:00.000Z,
6c72c24c-a097-11f0-b3ff-42010a400009,SCANNED FOR PICK,PHOENIX,SMALL,,,48,1.33,75,2025-10-06T07:00:00.000Z,
6c721d3a-a097-11f0-b3ff-42010a400009,MULTI-ITEM PROCESS FINISHED,PHOENIX,,FC SORTABLE,,10,0.28,360,2025-10-06T07:00:00.000Z,
6c72e0d0-a097-11f0-b3ff-42010a400009,CONSOLIDATED SINGLES PICK,PHOENIX,,,,24,0.67,150,2025-10-06T07:00:00.000Z,
6c72d53a-a097-11f0-b3ff-42010a400009,SCANNED FOR SINGLES PICK,PHOENIX,MEDIUM,,,32.73,0.91,110,2025-10-06T07:00:00.000Z,
6c723353-a097-11f0-b3ff-42010a400009,ITEM PUTAWAY,PHOENIX,SMALL,,,11.61,0.32,310,2025-10-06T07:00:00.000Z,
6c72cc4d-a097-11f0-b3ff-42010a400009,APPOINTMENT CREATED,PHOENIX,,,,13.33,0.37,270,2025-10-06T07:00:00.000Z,
6c72cf16-a097-11f0-b3ff-42010a400009,CHECKED IN,PHOENIX,,,,65.45,1.82,55,2025-10-06T07:00:00.000Z,
6c72c388-a097-11f0-b3ff-42010a400009,SCANNED FOR PICK,PHOENIX,LARGE,,,65.45,1.82,55,2025-10-06T07:00:00.000Z,
6c72d9b3-a097-11f0-b3ff-42010a400009,SCANNED FOR SINGLES PICK,PHOENIX,LARGE,,,65.45,1.82,55,2025-10-06T07:00:00.000Z,
6c72d273-a097-11f0-b3ff-42010a400009,SCANNED FOR SINGLES PICK,PHOENIX,SMALL,,,34.29,0.95,105,2025-10-06T07:00:00.000Z,
8c80f4a4-be9b-11f0-95e2-42010a40000b,PICKED MULTIPICK ITEM,PHOENIX,X-LARGE,,,180,5,20,2025-11-11T08:00:00.000Z,
8c80e92f-be9b-11f0-95e2-42010a40000b,PICKED MULTIPICK ITEM,PHOENIX,MEDIUM,,,45,1.25,80,2025-11-11T08:00:00.000Z,
8c80eca7-be9b-11f0-95e2-42010a40000b,PICKED MULTIPICK ITEM,PHOENIX,SMALL,,,48,1.33,75,2025-11-11T08:00:00.000Z,
8c80f280-be9b-11f0-95e2-42010a40000b,PICKED MULTIPICK ITEM,PHOENIX,LARGE,,,65.45,1.82,55,2025-11-11T08:00:00.000Z,
974a9c1e-be9c-11f0-95e2-42010a40000b,CONSOLIDATED MULTIPICK APPOINTMENT,PHOENIX,,,,120,3.33,30,2025-11-11T08:00:00.000Z,
373fc829-c4b6-11f0-95e2-42010a40000b,CONTAINER TO RACK PUTAWAY,PHOENIX,,,,34.29,0.95,105,2025-10-06T07:00:00.000Z,
85ef0d74-f0a5-11f0-95e2-42010a40000b,ITEM PROCESSING FINISHED,PHOENIX,,FC NONSORT,,60,1.67,60,2026-01-19T07:00:00.000Z,
85ef130f-f0a5-11f0-95e2-42010a40000b,ITEM PROCESSING FINISHED,PHOENIX,,DTL,,150,4.17,24,2026-01-19T07:00:00.000Z,
85ef30b1-f0a5-11f0-95e2-42010a40000b,MULTI-ITEM PROCESS FINISHED,PHOENIX,,DTL,,37.5,1.04,96,2026-01-19T07:00:00.000Z,
85eeefcd-f0a5-11f0-95e2-42010a40000b,SCANNED FOR TRASH / NO-SALE,PHOENIX,,,,30,0.83,120,2026-01-19T07:00:00.000Z,
85eeffdd-f0a5-11f0-95e2-42010a40000b,ITEM PROCESSING FINISHED,PHOENIX,,RC SORTABLE,,55.38,1.54,65,2026-01-19T07:00:00.000Z,
85ef051b-f0a5-11f0-95e2-42010a40000b,ITEM PROCESSING FINISHED,PHOENIX,,RC NONSORT,,112.5,3.13,32,2026-01-19T07:00:00.000Z,
85eef543-f0a5-11f0-95e2-42010a40000b,ITEM PUTAWAY,PHOENIX,MEDIUM,,,20,0.56,180,2026-01-19T07:00:00.000Z,
85ef2b7b-f0a5-11f0-95e2-42010a40000b,MULTI-ITEM PROCESS FINISHED,PHOENIX,,FC NONSORT,,15,0.42,240,2026-01-19T07:00:00.000Z,
85ef18fd-f0a5-11f0-95e2-42010a40000b,MULTI-ITEM PROCESS FINISHED,PHOENIX,,RC SORTABLE,,13.85,0.38,260,2026-01-19T07:00:00.000Z,
85eefaac-f0a5-11f0-95e2-42010a40000b,ITEM PUTAWAY,PHOENIX,LARGE,,,37.89,1.05,95,2026-01-19T07:00:00.000Z,
85ef22bf-f0a5-11f0-95e2-42010a40000b,MULTI-ITEM PROCESS FINISHED,PHOENIX,,RC NONSORT,,28.13,0.78,128,2026-01-19T07:00:00.000Z,
e4e33f6a-0c44-11f1-95e2-42010a40000b,MARKED ITEM AS FOUND,PHOENIX,X-LARGE,,,144,4,25,2026-02-18T07:00:00.000Z,
e54a13cc-0c44-11f1-95e2-42010a40000b,MARKED ITEM AS FOUND,PHOENIX,MEDIUM,,,20,0.56,180,2026-02-18T07:00:00.000Z,
e4d70a28-0c44-11f1-95e2-42010a40000b,MARKED ITEM AS FOUND,PHOENIX,SMALL,,,11.61,0.32,310,2026-02-18T07:00:00.000Z,
e5840cf8-0c44-11f1-95e2-42010a40000b,MARKED ITEM AS FOUND,PHOENIX,LARGE,,,37.89,1.05,95,2026-02-18T07:00:00.000Z,
0d5ae619-5603-11f0-9bf1-42010a400006,ITEM PRESORT FINISHED,DEAN MARTIN,,,,8,0.22,450,2025-07-01T07:00:00.000Z,
0d5abf18-5603-11f0-9bf1-42010a400006,SCANNED FOR PICK,DEAN MARTIN,MEDIUM,,,45,1.25,80,2025-07-01T07:00:00.000Z,
40104818-843b-11f0-b3ff-42010a400009,CONSOLIDATED SINGLES PICK,DEAN MARTIN,,,,16,0.44,225,2025-09-01T07:00:00.000Z,
401044cb-843b-11f0-b3ff-42010a400009,CHECKED IN,DEAN MARTIN,,,,55.38,1.54,65,2025-09-01T07:00:00.000Z,
40186287-843b-11f0-b3ff-42010a400009,SCANNED FOR PICK,DEAN MARTIN,SMALL,,,48,1.33,75,2025-09-01T07:00:00.000Z,
40185995-843b-11f0-b3ff-42010a400009,ITEM PUTAWAY,DEAN MARTIN,SMALL,,,11.61,0.32,310,2025-09-01T07:00:00.000Z,
6c72e07c-a097-11f0-b3ff-42010a400009,SCANNED FOR SINGLES PICK,DEAN MARTIN,X-LARGE,,,180,5,20,2025-10-06T07:00:00.000Z,
6c72c975-a097-11f0-b3ff-42010a400009,SCANNED FOR PICK,DEAN MARTIN,X-LARGE,,,180,5,20,2025-10-06T07:00:00.000Z,
6c72cbfc-a097-11f0-b3ff-42010a400009,APPOINTMENT CONSOLIDATED,DEAN MARTIN,,,,102.86,2.86,35,2025-10-06T07:00:00.000Z,
6c716aaa-a097-11f0-b3ff-42010a400009,ITEM PROCESSING FINISHED,DEAN MARTIN,,VARIETY PALLET,,900,25,4,2025-10-06T07:00:00.000Z,
6c71855f-a097-11f0-b3ff-42010a400009,ITEM PROCESSING FINISHED,DEAN MARTIN,,FC MIX,,60,1.67,60,2025-10-06T07:00:00.000Z,
6c721cf2-a097-11f0-b3ff-42010a400009,MULTI-ITEM PROCESS FINISHED,DEAN MARTIN,,SALVAGE,,60,1.67,60,2025-10-06T07:00:00.000Z,
6c72330f-a097-11f0-b3ff-42010a400009,MULTI-ITEM PROCESS FINISHED,DEAN MARTIN,,VARIETY BOX,,60,1.67,60,2025-10-06T07:00:00.000Z,
6c7227f3-a097-11f0-b3ff-42010a400009,MULTI-ITEM PROCESS FINISHED,DEAN MARTIN,,RC XL,,60,1.67,60,2025-10-06T07:00:00.000Z,
6c720d60-a097-11f0-b3ff-42010a400009,ITEM PROCESSING FINISHED,DEAN MARTIN,,VARIETY BOX,,240,6.67,15,2025-10-06T07:00:00.000Z,
6c716f02-a097-11f0-b3ff-42010a400009,ITEM PROCESSING FINISHED,DEAN MARTIN,,SALVAGE,,240,6.67,15,2025-10-06T07:00:00.000Z,
6c717c10-a097-11f0-b3ff-42010a400009,ITEM PROCESSING FINISHED,DEAN MARTIN,,RC XL,,240,6.67,15,2025-10-06T07:00:00.000Z,
6c72163b-a097-11f0-b3ff-42010a400009,MULTI-ITEM PROCESS FINISHED,DEAN MARTIN,,VARIETY PALLET,,225,6.25,16,2025-10-06T07:00:00.000Z,
6c71712a-a097-11f0-b3ff-42010a400009,ITEM PROCESSING FINISHED,DEAN MARTIN,,FC SORTABLE,,40,1.11,90,2025-10-06T07:00:00.000Z,
6c723d0b-a097-11f0-b3ff-42010a400009,ITEM PUTAWAY,DEAN MARTIN,X-LARGE,,,144,4,25,2025-10-06T07:00:00.000Z,
6c722aa6-a097-11f0-b3ff-42010a400009,MULTI-ITEM PROCESS FINISHED,DEAN MARTIN,,FC XL,,30,0.83,120,2025-10-06T07:00:00.000Z,
6c722d33-a097-11f0-b3ff-42010a400009,MULTI-ITEM PROCESS FINISHED,DEAN MARTIN,,RC MIX,,30,0.83,120,2025-10-06T07:00:00.000Z,
6c7181e4-a097-11f0-b3ff-42010a400009,ITEM PROCESSING FINISHED,DEAN MARTIN,,RC MIX,,120,3.33,30,2025-10-06T07:00:00.000Z,
6c717e58-a097-11f0-b3ff-42010a400009,ITEM PROCESSING FINISHED,DEAN MARTIN,,FC XL,,120,3.33,30,2025-10-06T07:00:00.000Z,
6c724091-a097-11f0-b3ff-42010a400009,RETURN ITEM RECEIVED,DEAN MARTIN,,,,20,0.56,180,2025-10-06T07:00:00.000Z,
6c72c1fd-a097-11f0-b3ff-42010a400009,RETURN ITEM REJECTED,DEAN MARTIN,,,,20,0.56,180,2025-10-06T07:00:00.000Z,
6c723083-a097-11f0-b3ff-42010a400009,MULTI-ITEM PROCESS FINISHED,DEAN MARTIN,,FC MIX,,15,0.42,240,2025-10-06T07:00:00.000Z,
6c721fd2-a097-11f0-b3ff-42010a400009,MULTI-ITEM PROCESS FINISHED,DEAN MARTIN,,FC SORTABLE,,10,0.28,360,2025-10-06T07:00:00.000Z,
6c72d95f-a097-11f0-b3ff-42010a400009,SCANNED FOR SINGLES PICK,DEAN MARTIN,MEDIUM,,,32.73,0.91,110,2025-10-06T07:00:00.000Z,
6c72ce86-a097-11f0-b3ff-42010a400009,APPOINTMENT CREATED,DEAN MARTIN,,,,13.33,0.37,270,2025-10-06T07:00:00.000Z,
6c72dd97-a097-11f0-b3ff-42010a400009,SCANNED FOR SINGLES PICK,DEAN MARTIN,LARGE,,,65.45,1.82,55,2025-10-06T07:00:00.000Z,
6c72c6d2-a097-11f0-b3ff-42010a400009,SCANNED FOR PICK,DEAN MARTIN,LARGE,,,65.45,1.82,55,2025-10-06T07:00:00.000Z,
6c72d4ed-a097-11f0-b3ff-42010a400009,SCANNED FOR SINGLES PICK,DEAN MARTIN,SMALL,,,34.29,0.95,105,2025-10-06T07:00:00.000Z,
8c80f5c5-be9b-11f0-95e2-42010a40000b,PICKED MULTIPICK ITEM,DEAN MARTIN,X-LARGE,,,180,5,20,2025-11-11T08:00:00.000Z,
8c8074f3-be9b-11f0-95e2-42010a40000b,PICKED MULTIPICK ITEM,DEAN MARTIN,MEDIUM,,,45,1.25,80,2025-11-11T08:00:00.000Z,
8c80ea55-be9b-11f0-95e2-42010a40000b,PICKED MULTIPICK ITEM,DEAN MARTIN,SMALL,,,48,1.33,75,2025-11-11T08:00:00.000Z,
8c80edc3-be9b-11f0-95e2-42010a40000b,PICKED MULTIPICK ITEM,DEAN MARTIN,LARGE,,,65.45,1.82,55,2025-11-11T08:00:00.000Z,
373f770f-c4b6-11f0-95e2-42010a40000b,CONTAINER TO RACK PUTAWAY,DEAN MARTIN,,,,34.29,0.95,105,2025-10-06T07:00:00.000Z,
891f9350-ca43-11f0-95e2-42010a40000b,APPOINTMENT LOADED OUT,DEAN MARTIN,,,,60,1.67,60,2025-11-25T07:00:00.000Z,
891f8ec1-ca43-11f0-95e2-42010a40000b,LOCATED LOAD OUT,DEAN MARTIN,,,,60,1.67,60,2025-11-25T07:00:00.000Z,
85ef063c-f0a5-11f0-95e2-42010a40000b,ITEM PROCESSING FINISHED,DEAN MARTIN,,FC NONSORT,,60,1.67,60,2026-01-19T07:00:00.000Z,
85ef0e9e-f0a5-11f0-95e2-42010a40000b,ITEM PROCESSING FINISHED,DEAN MARTIN,,DTL,,150,4.17,24,2026-01-19T07:00:00.000Z,
85ef2ca3-f0a5-11f0-95e2-42010a40000b,MULTI-ITEM PROCESS FINISHED,DEAN MARTIN,,DTL,,37.5,1.04,96,2026-01-19T07:00:00.000Z,
85eee6f3-f0a5-11f0-95e2-42010a40000b,SCANNED FOR TRASH / NO-SALE,DEAN MARTIN,,,,30,0.83,120,2026-01-19T07:00:00.000Z,
85eefbd2-f0a5-11f0-95e2-42010a40000b,ITEM PROCESSING FINISHED,DEAN MARTIN,,RC SORTABLE,,55.38,1.54,65,2026-01-19T07:00:00.000Z,
85ef010a-f0a5-11f0-95e2-42010a40000b,ITEM PROCESSING FINISHED,DEAN MARTIN,,RC NONSORT,,112.5,3.13,32,2026-01-19T07:00:00.000Z,
85eef106-f0a5-11f0-95e2-42010a40000b,ITEM PUTAWAY,DEAN MARTIN,MEDIUM,,,20,0.56,180,2026-01-19T07:00:00.000Z,
85ef2402-f0a5-11f0-95e2-42010a40000b,MULTI-ITEM PROCESS FINISHED,DEAN MARTIN,,FC NONSORT,,15,0.42,240,2026-01-19T07:00:00.000Z,
85ef1436-f0a5-11f0-95e2-42010a40000b,MULTI-ITEM PROCESS FINISHED,DEAN MARTIN,,RC SORTABLE,,13.85,0.38,260,2026-01-19T07:00:00.000Z,
85eef677-f0a5-11f0-95e2-42010a40000b,ITEM PUTAWAY,DEAN MARTIN,LARGE,,,37.89,1.05,95,2026-01-19T07:00:00.000Z,
85ef1a29-f0a5-11f0-95e2-42010a40000b,MULTI-ITEM PROCESS FINISHED,DEAN MARTIN,,RC NONSORT,,28.13,0.78,128,2026-01-19T07:00:00.000Z,
e4a87024-0c44-11f1-95e2-42010a40000b,MARKED ITEM AS FOUND,DEAN MARTIN,SMALL,,,11.61,0.32,310,2026-02-18T07:00:00.000Z,
e5176674-0c44-11f1-95e2-42010a40000b,MARKED ITEM AS FOUND,DEAN MARTIN,X-LARGE,,,144,4,25,2026-02-18T07:00:00.000Z,
e51d7dd9-0c44-11f1-95e2-42010a40000b,MARKED ITEM AS FOUND,DEAN MARTIN,MEDIUM,,,20,0.56,180,2026-02-18T07:00:00.000Z,
e5569db1-0c44-11f1-95e2-42010a40000b,MARKED ITEM AS FOUND,DEAN MARTIN,LARGE,,,37.89,1.05,95,2026-02-18T07:00:00.000Z,
0021f061-2d06-11f1-8647-42010a40000d,CONSOLIDATED MULTIPICK APPOINTMENT,DEAN MARTIN,,,,87.8,2.44,41,2026-04-06T07:00:00.000Z,
0d5ae6c4-5603-11f0-9bf1-42010a400006,ITEM PRESORT FINISHED,MESA,,,,8,0.22,450,2025-07-01T07:00:00.000Z,
0d5abfc7-5603-11f0-9bf1-42010a400006,SCANNED FOR PICK,MESA,MEDIUM,,,45,1.25,80,2025-07-01T07:00:00.000Z,
7a433a5a-6e39-11f0-9bf1-42010a400006,LOCATED LOAD OUT,MESA,,,,56.25,1.56,64,2025-08-01T07:00:00.000Z,
7a4339b9-6e39-11f0-9bf1-42010a400006,APPOINTMENT LOADED OUT,MESA,,,,56.25,1.56,64,2025-08-01T07:00:00.000Z,
40186477-843b-11f0-b3ff-42010a400009,SCANNED FOR PICK,MESA,SMALL,,,48,1.33,75,2025-09-01T07:00:00.000Z,
40185ac4-843b-11f0-b3ff-42010a400009,ITEM PUTAWAY,MESA,SMALL,,,11.61,0.32,310,2025-09-01T07:00:00.000Z,
6c72c8a2-a097-11f0-b3ff-42010a400009,SCANNED FOR PICK,MESA,X-LARGE,,,180,5,20,2025-10-06T07:00:00.000Z,
6c72df84-a097-11f0-b3ff-42010a400009,SCANNED FOR SINGLES PICK,MESA,X-LARGE,,,180,5,20,2025-10-06T07:00:00.000Z,
6c7169ed-a097-11f0-b3ff-42010a400009,ITEM PROCESSING FINISHED,MESA,,VARIETY PALLET,,900,25,4,2025-10-06T07:00:00.000Z,
6c72323f-a097-11f0-b3ff-42010a400009,MULTI-ITEM PROCESS FINISHED,MESA,,VARIETY BOX,,60,1.67,60,2025-10-06T07:00:00.000Z,
6c721bff-a097-11f0-b3ff-42010a400009,MULTI-ITEM PROCESS FINISHED,MESA,,SALVAGE,,60,1.67,60,2025-10-06T07:00:00.000Z,
6c722719-a097-11f0-b3ff-42010a400009,MULTI-ITEM PROCESS FINISHED,MESA,,RC XL,,60,1.67,60,2025-10-06T07:00:00.000Z,
6c718461-a097-11f0-b3ff-42010a400009,ITEM PROCESSING FINISHED,MESA,,FC MIX,,60,1.67,60,2025-10-06T07:00:00.000Z,
6c717b46-a097-11f0-b3ff-42010a400009,ITEM PROCESSING FINISHED,MESA,,RC XL,,240,6.67,15,2025-10-06T07:00:00.000Z,
6c716e45-a097-11f0-b3ff-42010a400009,ITEM PROCESSING FINISHED,MESA,,SALVAGE,,240,6.67,15,2025-10-06T07:00:00.000Z,
6c720bbd-a097-11f0-b3ff-42010a400009,ITEM PROCESSING FINISHED,MESA,,VARIETY BOX,,240,6.67,15,2025-10-06T07:00:00.000Z,
6c7214dd-a097-11f0-b3ff-42010a400009,MULTI-ITEM PROCESS FINISHED,MESA,,VARIETY PALLET,,225,6.25,16,2025-10-06T07:00:00.000Z,
6c717078-a097-11f0-b3ff-42010a400009,ITEM PROCESSING FINISHED,MESA,,FC SORTABLE,,40,1.11,90,2025-10-06T07:00:00.000Z,
6c723be7-a097-11f0-b3ff-42010a400009,ITEM PUTAWAY,MESA,X-LARGE,,,144,4,25,2025-10-06T07:00:00.000Z,
6c7229cb-a097-11f0-b3ff-42010a400009,MULTI-ITEM PROCESS FINISHED,MESA,,FC XL,,30,0.83,120,2025-10-06T07:00:00.000Z,
6c722c57-a097-11f0-b3ff-42010a400009,MULTI-ITEM PROCESS FINISHED,MESA,,RC MIX,,30,0.83,120,2025-10-06T07:00:00.000Z,
6c717d94-a097-11f0-b3ff-42010a400009,ITEM PROCESSING FINISHED,MESA,,FC XL,,120,3.33,30,2025-10-06T07:00:00.000Z,
6c718082-a097-11f0-b3ff-42010a400009,ITEM PROCESSING FINISHED,MESA,,RC MIX,,120,3.33,30,2025-10-06T07:00:00.000Z,
6c72cb23-a097-11f0-b3ff-42010a400009,APPOINTMENT CONSOLIDATED,MESA,,,,120,3.33,30,2025-10-06T07:00:00.000Z,
6c723fa0-a097-11f0-b3ff-42010a400009,RETURN ITEM RECEIVED,MESA,,,,20,0.56,180,2025-10-06T07:00:00.000Z,
6c72c0fa-a097-11f0-b3ff-42010a400009,RETURN ITEM REJECTED,MESA,,,,20,0.56,180,2025-10-06T07:00:00.000Z,
6c722fad-a097-11f0-b3ff-42010a400009,MULTI-ITEM PROCESS FINISHED,MESA,,FC MIX,,15,0.42,240,2025-10-06T07:00:00.000Z,
6c721eec-a097-11f0-b3ff-42010a400009,MULTI-ITEM PROCESS FINISHED,MESA,,FC SORTABLE,,10,0.28,360,2025-10-06T07:00:00.000Z,
6c72e20d-a097-11f0-b3ff-42010a400009,CONSOLIDATED SINGLES PICK,MESA,,,,24,0.67,150,2025-10-06T07:00:00.000Z,
6c72d825-a097-11f0-b3ff-42010a400009,SCANNED FOR SINGLES PICK,MESA,MEDIUM,,,32.73,0.91,110,2025-10-06T07:00:00.000Z,
6c72cdae-a097-11f0-b3ff-42010a400009,APPOINTMENT CREATED,MESA,,,,13.33,0.37,270,2025-10-06T07:00:00.000Z,
6c72db52-a097-11f0-b3ff-42010a400009,SCANNED FOR SINGLES PICK,MESA,LARGE,,,65.45,1.82,55,2025-10-06T07:00:00.000Z,
6c72c5e4-a097-11f0-b3ff-42010a400009,SCANNED FOR PICK,MESA,LARGE,,,65.45,1.82,55,2025-10-06T07:00:00.000Z,
6c72d161-a097-11f0-b3ff-42010a400009,CHECKED IN,MESA,,,,65.45,1.82,55,2025-10-06T07:00:00.000Z,
6c72d3fe-a097-11f0-b3ff-42010a400009,SCANNED FOR SINGLES PICK,MESA,SMALL,,,34.29,0.95,105,2025-10-06T07:00:00.000Z,
8c80f43f-be9b-11f0-95e2-42010a40000b,PICKED MULTIPICK ITEM,MESA,X-LARGE,,,180,5,20,2025-11-11T08:00:00.000Z,
8c80e7d5-be9b-11f0-95e2-42010a40000b,PICKED MULTIPICK ITEM,MESA,MEDIUM,,,45,1.25,80,2025-11-11T08:00:00.000Z,
8c80e991-be9b-11f0-95e2-42010a40000b,PICKED MULTIPICK ITEM,MESA,SMALL,,,48,1.33,75,2025-11-11T08:00:00.000Z,
8c80f2e5-be9b-11f0-95e2-42010a40000b,PICKED MULTIPICK ITEM,MESA,LARGE,,,65.45,1.82,55,2025-11-11T08:00:00.000Z,
373efa20-c4b6-11f0-95e2-42010a40000b,CONTAINER TO RACK PUTAWAY,MESA,,,,34.29,0.95,105,2025-10-06T07:00:00.000Z,
85ef0b82-f0a5-11f0-95e2-42010a40000b,ITEM PROCESSING FINISHED,MESA,,FC NONSORT,,60,1.67,60,2026-01-19T07:00:00.000Z,
85ef1150-f0a5-11f0-95e2-42010a40000b,ITEM PROCESSING FINISHED,MESA,,DTL,,150,4.17,24,2026-01-19T07:00:00.000Z,
85ef2ef4-f0a5-11f0-95e2-42010a40000b,MULTI-ITEM PROCESS FINISHED,MESA,,DTL,,37.5,1.04,96,2026-01-19T07:00:00.000Z,
85eeed16-f0a5-11f0-95e2-42010a40000b,SCANNED FOR TRASH / NO-SALE,MESA,,,,30,0.83,120,2026-01-19T07:00:00.000Z,
85eefe26-f0a5-11f0-95e2-42010a40000b,ITEM PROCESSING FINISHED,MESA,,RC SORTABLE,,55.38,1.54,65,2026-01-19T07:00:00.000Z,
85ef0362-f0a5-11f0-95e2-42010a40000b,ITEM PROCESSING FINISHED,MESA,,RC NONSORT,,112.5,3.13,32,2026-01-19T07:00:00.000Z,
85eef386-f0a5-11f0-95e2-42010a40000b,ITEM PUTAWAY,MESA,MEDIUM,,,20,0.56,180,2026-01-19T07:00:00.000Z,
85ef299a-f0a5-11f0-95e2-42010a40000b,MULTI-ITEM PROCESS FINISHED,MESA,,FC NONSORT,,15,0.42,240,2026-01-19T07:00:00.000Z,
85ef1735-f0a5-11f0-95e2-42010a40000b,MULTI-ITEM PROCESS FINISHED,MESA,,RC SORTABLE,,13.85,0.38,260,2026-01-19T07:00:00.000Z,
85eef8d7-f0a5-11f0-95e2-42010a40000b,ITEM PUTAWAY,MESA,LARGE,,,37.89,1.05,95,2026-01-19T07:00:00.000Z,
85ef20a1-f0a5-11f0-95e2-42010a40000b,MULTI-ITEM PROCESS FINISHED,MESA,,RC NONSORT,,28.13,0.78,128,2026-01-19T07:00:00.000Z,
e504e52f-0c44-11f1-95e2-42010a40000b,MARKED ITEM AS FOUND,MESA,X-LARGE,,,144,4,25,2026-02-18T07:00:00.000Z,
e536da2c-0c44-11f1-95e2-42010a40000b,MARKED ITEM AS FOUND,MESA,MEDIUM,,,20,0.56,180,2026-02-18T07:00:00.000Z,
e4c43d2e-0c44-11f1-95e2-42010a40000b,MARKED ITEM AS FOUND,MESA,SMALL,,,11.61,0.32,310,2026-02-18T07:00:00.000Z,
e56f41eb-0c44-11f1-95e2-42010a40000b,MARKED ITEM AS FOUND,MESA,LARGE,,,37.89,1.05,95,2026-02-18T07:00:00.000Z,
0021f493-2d06-11f1-8647-42010a40000d,CONSOLIDATED MULTIPICK APPOINTMENT,MESA,,,,69.23,1.92,52,2026-04-06T07:00:00.000Z,
0d5ae66e-5603-11f0-9bf1-42010a400006,ITEM PRESORT FINISHED,DENVER,,,,8,0.22,450,2025-07-01T07:00:00.000Z,
0d5abf72-5603-11f0-9bf1-42010a400006,SCANNED FOR PICK,DENVER,MEDIUM,,,45,1.25,80,2025-07-01T07:00:00.000Z,
0d5aaab9-5603-11f0-9bf1-42010a400006,APPOINTMENT LOADED OUT,DENVER,,,,51.43,1.43,70,2025-07-01T07:00:00.000Z,
0d5ab05d-5603-11f0-9bf1-42010a400006,LOCATED LOAD OUT,DENVER,,,,51.43,1.43,70,2025-07-01T07:00:00.000Z,
401863d5-843b-11f0-b3ff-42010a400009,SCANNED FOR PICK,DENVER,SMALL,,,48,1.33,75,2025-09-01T07:00:00.000Z,
40185a2b-843b-11f0-b3ff-42010a400009,ITEM PUTAWAY,DENVER,SMALL,,,11.61,0.32,310,2025-09-01T07:00:00.000Z,
6c72de8f-a097-11f0-b3ff-42010a400009,SCANNED FOR SINGLES PICK,DENVER,X-LARGE,,,180,5,20,2025-10-06T07:00:00.000Z,
6c72c7a5-a097-11f0-b3ff-42010a400009,SCANNED FOR PICK,DENVER,X-LARGE,,,180,5,20,2025-10-06T07:00:00.000Z,
6c72ca57-a097-11f0-b3ff-42010a400009,APPOINTMENT CONSOLIDATED,DENVER,,,,102.86,2.86,35,2025-10-06T07:00:00.000Z,
6c71691f-a097-11f0-b3ff-42010a400009,ITEM PROCESSING FINISHED,DENVER,,VARIETY PALLET,,900,25,4,2025-10-06T07:00:00.000Z,
6c717a82-a097-11f0-b3ff-42010a400009,ITEM PROCESSING FINISHED,DENVER,,RC XL,,288,8,12.5,2025-10-06T07:00:00.000Z,
6c722632-a097-11f0-b3ff-42010a400009,MULTI-ITEM PROCESS FINISHED,DENVER,,RC XL,,60,1.67,60,2025-10-06T07:00:00.000Z,
6c71831b-a097-11f0-b3ff-42010a400009,ITEM PROCESSING FINISHED,DENVER,,FC MIX,,60,1.67,60,2025-10-06T07:00:00.000Z,
6c721b21-a097-11f0-b3ff-42010a400009,MULTI-ITEM PROCESS FINISHED,DENVER,,SALVAGE,,60,1.67,60,2025-10-06T07:00:00.000Z,
6c72315b-a097-11f0-b3ff-42010a400009,MULTI-ITEM PROCESS FINISHED,DENVER,,VARIETY BOX,,60,1.67,60,2025-10-06T07:00:00.000Z,
6c716d95-a097-11f0-b3ff-42010a400009,ITEM PROCESSING FINISHED,DENVER,,SALVAGE,,240,6.67,15,2025-10-06T07:00:00.000Z,
6c718671-a097-11f0-b3ff-42010a400009,ITEM PROCESSING FINISHED,DENVER,,VARIETY BOX,,240,6.67,15,2025-10-06T07:00:00.000Z,
6c721279-a097-11f0-b3ff-42010a400009,MULTI-ITEM PROCESS FINISHED,DENVER,,VARIETY PALLET,,225,6.25,16,2025-10-06T07:00:00.000Z,
6c716fb8-a097-11f0-b3ff-42010a400009,ITEM PROCESSING FINISHED,DENVER,,FC SORTABLE,,40,1.11,90,2025-10-06T07:00:00.000Z,
6c723999-a097-11f0-b3ff-42010a400009,ITEM PUTAWAY,DENVER,X-LARGE,,,144,4,25,2025-10-06T07:00:00.000Z,
6c7228e4-a097-11f0-b3ff-42010a400009,MULTI-ITEM PROCESS FINISHED,DENVER,,FC XL,,30,0.83,120,2025-10-06T07:00:00.000Z,
6c722b84-a097-11f0-b3ff-42010a400009,MULTI-ITEM PROCESS FINISHED,DENVER,,RC MIX,,30,0.83,120,2025-10-06T07:00:00.000Z,
6c717cd2-a097-11f0-b3ff-42010a400009,ITEM PROCESSING FINISHED,DENVER,,FC XL,,120,3.33,30,2025-10-06T07:00:00.000Z,
6c717f1a-a097-11f0-b3ff-42010a400009,ITEM PROCESSING FINISHED,DENVER,,RC MIX,,120,3.33,30,2025-10-06T07:00:00.000Z,
6c724183-a097-11f0-b3ff-42010a400009,RETURN ITEM REJECTED,DENVER,,,,20,0.56,180,2025-10-06T07:00:00.000Z,
6c723ead-a097-11f0-b3ff-42010a400009,RETURN ITEM RECEIVED,DENVER,,,,20,0.56,180,2025-10-06T07:00:00.000Z,
6c722ed2-a097-11f0-b3ff-42010a400009,MULTI-ITEM PROCESS FINISHED,DENVER,,FC MIX,,15,0.42,240,2025-10-06T07:00:00.000Z,
6c721dce-a097-11f0-b3ff-42010a400009,MULTI-ITEM PROCESS FINISHED,DENVER,,FC SORTABLE,,10,0.28,360,2025-10-06T07:00:00.000Z,
6c72e173-a097-11f0-b3ff-42010a400009,CONSOLIDATED SINGLES PICK,DENVER,,,,24,0.67,150,2025-10-06T07:00:00.000Z,
6c72d5d3-a097-11f0-b3ff-42010a400009,SCANNED FOR SINGLES PICK,DENVER,MEDIUM,,,32.73,0.91,110,2025-10-06T07:00:00.000Z,
6c72ccda-a097-11f0-b3ff-42010a400009,APPOINTMENT CREATED,DENVER,,,,13.33,0.37,270,2025-10-06T07:00:00.000Z,
6c72da65-a097-11f0-b3ff-42010a400009,SCANNED FOR SINGLES PICK,DENVER,LARGE,,,65.45,1.82,55,2025-10-06T07:00:00.000Z,
6c72d085-a097-11f0-b3ff-42010a400009,CHECKED IN,DENVER,,,,65.45,1.82,55,2025-10-06T07:00:00.000Z,
6c72c502-a097-11f0-b3ff-42010a400009,SCANNED FOR PICK,DENVER,LARGE,,,65.45,1.82,55,2025-10-06T07:00:00.000Z,
6c72d319-a097-11f0-b3ff-42010a400009,SCANNED FOR SINGLES PICK,DENVER,SMALL,,,34.29,0.95,105,2025-10-06T07:00:00.000Z,
8c80f62a-be9b-11f0-95e2-42010a40000b,PICKED MULTIPICK ITEM,DENVER,X-LARGE,,,180,5,20,2025-11-11T08:00:00.000Z,
8c80e840-be9b-11f0-95e2-42010a40000b,PICKED MULTIPICK ITEM,DENVER,MEDIUM,,,45,1.25,80,2025-11-11T08:00:00.000Z,
8c80e9f6-be9b-11f0-95e2-42010a40000b,PICKED MULTIPICK ITEM,DENVER,SMALL,,,48,1.33,75,2025-11-11T08:00:00.000Z,
8c80f1d6-be9b-11f0-95e2-42010a40000b,PICKED MULTIPICK ITEM,DENVER,LARGE,,,65.45,1.82,55,2025-11-11T08:00:00.000Z,
974a91c5-be9c-11f0-95e2-42010a40000b,CONSOLIDATED MULTIPICK APPOINTMENT,DENVER,,,,102.86,2.86,35,2025-11-11T08:00:00.000Z,
373fc950-c4b6-11f0-95e2-42010a40000b,CONTAINER TO RACK PUTAWAY,DENVER,,,,34.29,0.95,105,2025-10-06T07:00:00.000Z,
85ef08e4-f0a5-11f0-95e2-42010a40000b,ITEM PROCESSING FINISHED,DENVER,,FC NONSORT,,60,1.67,60,2026-01-19T07:00:00.000Z,
85ef0fd3-f0a5-11f0-95e2-42010a40000b,ITEM PROCESSING FINISHED,DENVER,,DTL,,150,4.17,24,2026-01-19T07:00:00.000Z,
85ef2dba-f0a5-11f0-95e2-42010a40000b,MULTI-ITEM PROCESS FINISHED,DENVER,,DTL,,37.5,1.04,96,2026-01-19T07:00:00.000Z,
85eee87c-f0a5-11f0-95e2-42010a40000b,SCANNED FOR TRASH / NO-SALE,DENVER,,,,30,0.83,120,2026-01-19T07:00:00.000Z,
85eefcfc-f0a5-11f0-95e2-42010a40000b,ITEM PROCESSING FINISHED,DENVER,,RC SORTABLE,,55.38,1.54,65,2026-01-19T07:00:00.000Z,
85ef0238-f0a5-11f0-95e2-42010a40000b,ITEM PROCESSING FINISHED,DENVER,,RC NONSORT,,112.5,3.13,32,2026-01-19T07:00:00.000Z,
85eef243-f0a5-11f0-95e2-42010a40000b,ITEM PUTAWAY,DENVER,MEDIUM,,,20,0.56,180,2026-01-19T07:00:00.000Z,
85ef2848-f0a5-11f0-95e2-42010a40000b,MULTI-ITEM PROCESS FINISHED,DENVER,,FC NONSORT,,15,0.42,240,2026-01-19T07:00:00.000Z,
85ef1601-f0a5-11f0-95e2-42010a40000b,MULTI-ITEM PROCESS FINISHED,DENVER,,RC SORTABLE,,13.85,0.38,260,2026-01-19T07:00:00.000Z,
85eef7a3-f0a5-11f0-95e2-42010a40000b,ITEM PUTAWAY,DENVER,LARGE,,,37.89,1.05,95,2026-01-19T07:00:00.000Z,
85ef1b5b-f0a5-11f0-95e2-42010a40000b,MULTI-ITEM PROCESS FINISHED,DENVER,,RC NONSORT,,28.13,0.78,128,2026-01-19T07:00:00.000Z,
e4b63ee2-0c44-11f1-95e2-42010a40000b,MARKED ITEM AS FOUND,DENVER,SMALL,,,11.61,0.32,310,2026-02-18T07:00:00.000Z,
e4f00b91-0c44-11f1-95e2-42010a40000b,MARKED ITEM AS FOUND,DENVER,X-LARGE,,,144,4,25,2026-02-18T07:00:00.000Z,
e52a02fa-0c44-11f1-95e2-42010a40000b,MARKED ITEM AS FOUND,DENVER,MEDIUM,,,20,0.56,180,2026-02-18T07:00:00.000Z,
e56325b8-0c44-11f1-95e2-42010a40000b,MARKED ITEM AS FOUND,DENVER,LARGE,,,37.89,1.05,95,2026-02-18T07:00:00.000Z,
0d5ae642-5603-11f0-9bf1-42010a400006,ITEM PRESORT FINISHED,DELRAN,,,,8,0.22,450,2025-07-01T07:00:00.000Z,
0d5abf47-5603-11f0-9bf1-42010a400006,SCANNED FOR PICK,DELRAN,MEDIUM,,,45,1.25,80,2025-07-01T07:00:00.000Z,
7a433736-6e39-11f0-9bf1-42010a400006,APPOINTMENT LOADED OUT,DELRAN,,,,56.25,1.56,64,2025-08-01T07:00:00.000Z,
7a43378d-6e39-11f0-9bf1-42010a400006,LOCATED LOAD OUT,DELRAN,,,,56.25,1.56,64,2025-08-01T07:00:00.000Z,
401862fa-843b-11f0-b3ff-42010a400009,SCANNED FOR PICK,DELRAN,SMALL,,,48,1.33,75,2025-09-01T07:00:00.000Z,
401859e3-843b-11f0-b3ff-42010a400009,ITEM PUTAWAY,DELRAN,SMALL,,,11.61,0.32,310,2025-09-01T07:00:00.000Z,
6c72c760-a097-11f0-b3ff-42010a400009,SCANNED FOR PICK,DELRAN,X-LARGE,,,180,5,20,2025-10-06T07:00:00.000Z,
6c72de35-a097-11f0-b3ff-42010a400009,SCANNED FOR SINGLES PICK,DELRAN,X-LARGE,,,180,5,20,2025-10-06T07:00:00.000Z,
6c7168cf-a097-11f0-b3ff-42010a400009,ITEM PROCESSING FINISHED,DELRAN,,VARIETY PALLET,,900,25,4,2025-10-06T07:00:00.000Z,
6c723110-a097-11f0-b3ff-42010a400009,MULTI-ITEM PROCESS FINISHED,DELRAN,,VARIETY BOX,,60,1.67,60,2025-10-06T07:00:00.000Z,
6c7225ec-a097-11f0-b3ff-42010a400009,MULTI-ITEM PROCESS FINISHED,DELRAN,,RC XL,,60,1.67,60,2025-10-06T07:00:00.000Z,
6c721ad4-a097-11f0-b3ff-42010a400009,MULTI-ITEM PROCESS FINISHED,DELRAN,,SALVAGE,,60,1.67,60,2025-10-06T07:00:00.000Z,
6c7182b6-a097-11f0-b3ff-42010a400009,ITEM PROCESSING FINISHED,DELRAN,,FC MIX,,60,1.67,60,2025-10-06T07:00:00.000Z,
6c717a45-a097-11f0-b3ff-42010a400009,ITEM PROCESSING FINISHED,DELRAN,,RC XL,,240,6.67,15,2025-10-06T07:00:00.000Z,
6c718631-a097-11f0-b3ff-42010a400009,ITEM PROCESSING FINISHED,DELRAN,,VARIETY BOX,,240,6.67,15,2025-10-06T07:00:00.000Z,
6c716d59-a097-11f0-b3ff-42010a400009,ITEM PROCESSING FINISHED,DELRAN,,SALVAGE,,240,6.67,15,2025-10-06T07:00:00.000Z,
6c721232-a097-11f0-b3ff-42010a400009,MULTI-ITEM PROCESS FINISHED,DELRAN,,VARIETY PALLET,,225,6.25,16,2025-10-06T07:00:00.000Z,
6c716f7d-a097-11f0-b3ff-42010a400009,ITEM PROCESSING FINISHED,DELRAN,,FC SORTABLE,,40,1.11,90,2025-10-06T07:00:00.000Z,
6c72391e-a097-11f0-b3ff-42010a400009,ITEM PUTAWAY,DELRAN,X-LARGE,,,144,4,25,2025-10-06T07:00:00.000Z,
6c722886-a097-11f0-b3ff-42010a400009,MULTI-ITEM PROCESS FINISHED,DELRAN,,FC XL,,30,0.83,120,2025-10-06T07:00:00.000Z,
6c722b35-a097-11f0-b3ff-42010a400009,MULTI-ITEM PROCESS FINISHED,DELRAN,,RC MIX,,30,0.83,120,2025-10-06T07:00:00.000Z,
6c72ca10-a097-11f0-b3ff-42010a400009,APPOINTMENT CONSOLIDATED,DELRAN,,,,120,3.33,30,2025-10-06T07:00:00.000Z,
6c717c8f-a097-11f0-b3ff-42010a400009,ITEM PROCESSING FINISHED,DELRAN,,FC XL,,120,3.33,30,2025-10-06T07:00:00.000Z,
6c717eda-a097-11f0-b3ff-42010a400009,ITEM PROCESSING FINISHED,DELRAN,,RC MIX,,120,3.33,30,2025-10-06T07:00:00.000Z,
6c723e65-a097-11f0-b3ff-42010a400009,RETURN ITEM RECEIVED,DELRAN,,,,20,0.56,180,2025-10-06T07:00:00.000Z,
6c72412f-a097-11f0-b3ff-42010a400009,RETURN ITEM REJECTED,DELRAN,,,,20,0.56,180,2025-10-06T07:00:00.000Z,
6c722e85-a097-11f0-b3ff-42010a400009,MULTI-ITEM PROCESS FINISHED,DELRAN,,FC MIX,,15,0.42,240,2025-10-06T07:00:00.000Z,
6c721d81-a097-11f0-b3ff-42010a400009,MULTI-ITEM PROCESS FINISHED,DELRAN,,FC SORTABLE,,10,0.28,360,2025-10-06T07:00:00.000Z,
6c72e11e-a097-11f0-b3ff-42010a400009,CONSOLIDATED SINGLES PICK,DELRAN,,,,24,0.67,150,2025-10-06T07:00:00.000Z,
6c72d58a-a097-11f0-b3ff-42010a400009,SCANNED FOR SINGLES PICK,DELRAN,MEDIUM,,,32.73,0.91,110,2025-10-06T07:00:00.000Z,
6c72cc94-a097-11f0-b3ff-42010a400009,APPOINTMENT CREATED,DELRAN,,,,13.33,0.37,270,2025-10-06T07:00:00.000Z,
6c72c3cb-a097-11f0-b3ff-42010a400009,SCANNED FOR PICK,DELRAN,LARGE,,,65.45,1.82,55,2025-10-06T07:00:00.000Z,
6c72da04-a097-11f0-b3ff-42010a400009,SCANNED FOR SINGLES PICK,DELRAN,LARGE,,,65.45,1.82,55,2025-10-06T07:00:00.000Z,
6c72cff1-a097-11f0-b3ff-42010a400009,CHECKED IN,DELRAN,,,,65.45,1.82,55,2025-10-06T07:00:00.000Z,
6c72d2c9-a097-11f0-b3ff-42010a400009,SCANNED FOR SINGLES PICK,DELRAN,SMALL,,,34.29,0.95,105,2025-10-06T07:00:00.000Z,
8c80f34a-be9b-11f0-95e2-42010a40000b,PICKED MULTIPICK ITEM,DELRAN,X-LARGE,,,180,5,20,2025-11-11T08:00:00.000Z,
8c807cd1-be9b-11f0-95e2-42010a40000b,PICKED MULTIPICK ITEM,DELRAN,MEDIUM,,,45,1.25,80,2025-11-11T08:00:00.000Z,
8c80eab6-be9b-11f0-95e2-42010a40000b,PICKED MULTIPICK ITEM,DELRAN,SMALL,,,48,1.33,75,2025-11-11T08:00:00.000Z,
8c80f001-be9b-11f0-95e2-42010a40000b,PICKED MULTIPICK ITEM,DELRAN,LARGE,,,65.45,1.82,55,2025-11-11T08:00:00.000Z,
974a9bb9-be9c-11f0-95e2-42010a40000b,CONSOLIDATED MULTIPICK APPOINTMENT,DELRAN,,,,120,3.33,30,2025-11-11T08:00:00.000Z,
373fc8ea-c4b6-11f0-95e2-42010a40000b,CONTAINER TO RACK PUTAWAY,DELRAN,,,,34.29,0.95,105,2025-10-06T07:00:00.000Z,
85ef083d-f0a5-11f0-95e2-42010a40000b,ITEM PROCESSING FINISHED,DELRAN,,FC NONSORT,,60,1.67,60,2026-01-19T07:00:00.000Z,
85ef0f3b-f0a5-11f0-95e2-42010a40000b,ITEM PROCESSING FINISHED,DELRAN,,DTL,,150,4.17,24,2026-01-19T07:00:00.000Z,
85ef2d37-f0a5-11f0-95e2-42010a40000b,MULTI-ITEM PROCESS FINISHED,DELRAN,,DTL,,37.5,1.04,96,2026-01-19T07:00:00.000Z,
85eee7a5-f0a5-11f0-95e2-42010a40000b,SCANNED FOR TRASH / NO-SALE,DELRAN,,,,30,0.83,120,2026-01-19T07:00:00.000Z,
85eefc65-f0a5-11f0-95e2-42010a40000b,ITEM PROCESSING FINISHED,DELRAN,,RC SORTABLE,,55.38,1.54,65,2026-01-19T07:00:00.000Z,
85ef01a2-f0a5-11f0-95e2-42010a40000b,ITEM PROCESSING FINISHED,DELRAN,,RC NONSORT,,112.5,3.13,32,2026-01-19T07:00:00.000Z,
85eef1a6-f0a5-11f0-95e2-42010a40000b,ITEM PUTAWAY,DELRAN,MEDIUM,,,20,0.56,180,2026-01-19T07:00:00.000Z,
85ef27a7-f0a5-11f0-95e2-42010a40000b,MULTI-ITEM PROCESS FINISHED,DELRAN,,FC NONSORT,,15,0.42,240,2026-01-19T07:00:00.000Z,
85ef14ce-f0a5-11f0-95e2-42010a40000b,MULTI-ITEM PROCESS FINISHED,DELRAN,,RC SORTABLE,,13.85,0.38,260,2026-01-19T07:00:00.000Z,
85eef70d-f0a5-11f0-95e2-42010a40000b,ITEM PUTAWAY,DELRAN,LARGE,,,37.89,1.05,95,2026-01-19T07:00:00.000Z,
85ef1ac1-f0a5-11f0-95e2-42010a40000b,MULTI-ITEM PROCESS FINISHED,DELRAN,,RC NONSORT,,28.13,0.78,128,2026-01-19T07:00:00.000Z,
e4af5ce2-0c44-11f1-95e2-42010a40000b,MARKED ITEM AS FOUND,DELRAN,SMALL,,,11.61,0.32,310,2026-02-18T07:00:00.000Z,
e4e985e3-0c44-11f1-95e2-42010a40000b,MARKED ITEM AS FOUND,DELRAN,X-LARGE,,,144,4,25,2026-02-18T07:00:00.000Z,
e523b9be-0c44-11f1-95e2-42010a40000b,MARKED ITEM AS FOUND,DELRAN,MEDIUM,,,20,0.56,180,2026-02-18T07:00:00.000Z,
e55d0ff2-0c44-11f1-95e2-42010a40000b,MARKED ITEM AS FOUND,DELRAN,LARGE,,,37.89,1.05,95,2026-02-18T07:00:00.000Z,
0d5ae6f4-5603-11f0-9bf1-42010a400006,ITEM PRESORT FINISHED,NELLIS OUTLET,,,,8,0.22,450,2025-07-01T07:00:00.000Z,
0d5abff0-5603-11f0-9bf1-42010a400006,SCANNED FOR PICK,NELLIS OUTLET,MEDIUM,,,45,1.25,80,2025-07-01T07:00:00.000Z,
401046ce-843b-11f0-b3ff-42010a400009,CHECKED IN,NELLIS OUTLET,,,,36,1,100,2025-09-01T07:00:00.000Z,
401049c7-843b-11f0-b3ff-42010a400009,CONSOLIDATED SINGLES PICK,NELLIS OUTLET,,,,16,0.44,225,2025-09-01T07:00:00.000Z,
401864ba-843b-11f0-b3ff-42010a400009,SCANNED FOR PICK,NELLIS OUTLET,SMALL,,,48,1.33,75,2025-09-01T07:00:00.000Z,
40185b0c-843b-11f0-b3ff-42010a400009,ITEM PUTAWAY,NELLIS OUTLET,SMALL,,,11.61,0.32,310,2025-09-01T07:00:00.000Z,
6c72e02a-a097-11f0-b3ff-42010a400009,SCANNED FOR SINGLES PICK,NELLIS OUTLET,X-LARGE,,,180,5,20,2025-10-06T07:00:00.000Z,
6c72c92d-a097-11f0-b3ff-42010a400009,SCANNED FOR PICK,NELLIS OUTLET,X-LARGE,,,180,5,20,2025-10-06T07:00:00.000Z,
6c72cbb5-a097-11f0-b3ff-42010a400009,APPOINTMENT CONSOLIDATED,NELLIS OUTLET,,,,102.86,2.86,35,2025-10-06T07:00:00.000Z,
6c716a6d-a097-11f0-b3ff-42010a400009,ITEM PROCESSING FINISHED,NELLIS OUTLET,,VARIETY PALLET,,900,25,4,2025-10-06T07:00:00.000Z,
6c7227af-a097-11f0-b3ff-42010a400009,MULTI-ITEM PROCESS FINISHED,NELLIS OUTLET,,RC XL,,60,1.67,60,2025-10-06T07:00:00.000Z,
6c721ca9-a097-11f0-b3ff-42010a400009,MULTI-ITEM PROCESS FINISHED,NELLIS OUTLET,,SALVAGE,,60,1.67,60,2025-10-06T07:00:00.000Z,
6c718522-a097-11f0-b3ff-42010a400009,ITEM PROCESSING FINISHED,NELLIS OUTLET,,FC MIX,,60,1.67,60,2025-10-06T07:00:00.000Z,
6c7232cf-a097-11f0-b3ff-42010a400009,MULTI-ITEM PROCESS FINISHED,NELLIS OUTLET,,VARIETY BOX,,60,1.67,60,2025-10-06T07:00:00.000Z,
6c720cc7-a097-11f0-b3ff-42010a400009,ITEM PROCESSING FINISHED,NELLIS OUTLET,,VARIETY BOX,,240,6.67,15,2025-10-06T07:00:00.000Z,
6c717bcf-a097-11f0-b3ff-42010a400009,ITEM PROCESSING FINISHED,NELLIS OUTLET,,RC XL,,240,6.67,15,2025-10-06T07:00:00.000Z,
6c716ec0-a097-11f0-b3ff-42010a400009,ITEM PROCESSING FINISHED,NELLIS OUTLET,,SALVAGE,,240,6.67,15,2025-10-06T07:00:00.000Z,
6c7215d7-a097-11f0-b3ff-42010a400009,MULTI-ITEM PROCESS FINISHED,NELLIS OUTLET,,VARIETY PALLET,,225,6.25,16,2025-10-06T07:00:00.000Z,
6c7170ee-a097-11f0-b3ff-42010a400009,ITEM PROCESSING FINISHED,NELLIS OUTLET,,FC SORTABLE,,40,1.11,90,2025-10-06T07:00:00.000Z,
6c723cbf-a097-11f0-b3ff-42010a400009,ITEM PUTAWAY,NELLIS OUTLET,X-LARGE,,,144,4,25,2025-10-06T07:00:00.000Z,
6c722cf3-a097-11f0-b3ff-42010a400009,MULTI-ITEM PROCESS FINISHED,NELLIS OUTLET,,RC MIX,,30,0.83,120,2025-10-06T07:00:00.000Z,
6c722a66-a097-11f0-b3ff-42010a400009,MULTI-ITEM PROCESS FINISHED,NELLIS OUTLET,,FC XL,,30,0.83,120,2025-10-06T07:00:00.000Z,
6c717e12-a097-11f0-b3ff-42010a400009,ITEM PROCESSING FINISHED,NELLIS OUTLET,,FC XL,,120,3.33,30,2025-10-06T07:00:00.000Z,
6c718173-a097-11f0-b3ff-42010a400009,ITEM PROCESSING FINISHED,NELLIS OUTLET,,RC MIX,,120,3.33,30,2025-10-06T07:00:00.000Z,
6c72c1ab-a097-11f0-b3ff-42010a400009,RETURN ITEM REJECTED,NELLIS OUTLET,,,,20,0.56,180,2025-10-06T07:00:00.000Z,
6c72403a-a097-11f0-b3ff-42010a400009,RETURN ITEM RECEIVED,NELLIS OUTLET,,,,20,0.56,180,2025-10-06T07:00:00.000Z,
6c72303e-a097-11f0-b3ff-42010a400009,MULTI-ITEM PROCESS FINISHED,NELLIS OUTLET,,FC MIX,,15,0.42,240,2025-10-06T07:00:00.000Z,
6c721f83-a097-11f0-b3ff-42010a400009,MULTI-ITEM PROCESS FINISHED,NELLIS OUTLET,,FC SORTABLE,,10,0.28,360,2025-10-06T07:00:00.000Z,
6c72d914-a097-11f0-b3ff-42010a400009,SCANNED FOR SINGLES PICK,NELLIS OUTLET,MEDIUM,,,32.73,0.91,110,2025-10-06T07:00:00.000Z,
6c72ce3d-a097-11f0-b3ff-42010a400009,APPOINTMENT CREATED,NELLIS OUTLET,,,,13.33,0.37,270,2025-10-06T07:00:00.000Z,
6c72c680-a097-11f0-b3ff-42010a400009,SCANNED FOR PICK,NELLIS OUTLET,LARGE,,,65.45,1.82,55,2025-10-06T07:00:00.000Z,
6c72dd4b-a097-11f0-b3ff-42010a400009,SCANNED FOR SINGLES PICK,NELLIS OUTLET,LARGE,,,65.45,1.82,55,2025-10-06T07:00:00.000Z,
6c72d4a1-a097-11f0-b3ff-42010a400009,SCANNED FOR SINGLES PICK,NELLIS OUTLET,SMALL,,,34.29,0.95,105,2025-10-06T07:00:00.000Z,
8c80f507-be9b-11f0-95e2-42010a40000b,PICKED MULTIPICK ITEM,NELLIS OUTLET,X-LARGE,,,180,5,20,2025-11-11T08:00:00.000Z,
8c80e6e8-be9b-11f0-95e2-42010a40000b,PICKED MULTIPICK ITEM,NELLIS OUTLET,MEDIUM,,,45,1.25,80,2025-11-11T08:00:00.000Z,
8c80ebe7-be9b-11f0-95e2-42010a40000b,PICKED MULTIPICK ITEM,NELLIS OUTLET,SMALL,,,48,1.33,75,2025-11-11T08:00:00.000Z,
8c80f16c-be9b-11f0-95e2-42010a40000b,PICKED MULTIPICK ITEM,NELLIS OUTLET,LARGE,,,65.45,1.82,55,2025-11-11T08:00:00.000Z,
974a9ae9-be9c-11f0-95e2-42010a40000b,CONSOLIDATED MULTIPICK APPOINTMENT,NELLIS OUTLET,,,,102.86,2.86,35,2025-11-11T08:00:00.000Z,
373fca86-c4b6-11f0-95e2-42010a40000b,CONTAINER TO RACK PUTAWAY,NELLIS OUTLET,,,,34.29,0.95,105,2025-10-06T07:00:00.000Z,
85ef0c36-f0a5-11f0-95e2-42010a40000b,ITEM PROCESSING FINISHED,NELLIS OUTLET,,FC NONSORT,,60,1.67,60,2026-01-19T07:00:00.000Z,
85ef11e2-f0a5-11f0-95e2-42010a40000b,ITEM PROCESSING FINISHED,NELLIS OUTLET,,DTL,,150,4.17,24,2026-01-19T07:00:00.000Z,
85eee5fc-f0a5-11f0-95e2-42010a40000b,LOCATED LOAD OUT,NELLIS OUTLET,,,,45,1.25,80,2026-01-19T07:00:00.000Z,
85eedfd8-f0a5-11f0-95e2-42010a40000b,APPOINTMENT LOADED OUT,NELLIS OUTLET,,,,45,1.25,80,2026-01-19T07:00:00.000Z,
85ef2f87-f0a5-11f0-95e2-42010a40000b,MULTI-ITEM PROCESS FINISHED,NELLIS OUTLET,,DTL,,37.5,1.04,96,2026-01-19T07:00:00.000Z,
85eeedd5-f0a5-11f0-95e2-42010a40000b,SCANNED FOR TRASH / NO-SALE,NELLIS OUTLET,,,,30,0.83,120,2026-01-19T07:00:00.000Z,
85eefebc-f0a5-11f0-95e2-42010a40000b,ITEM PROCESSING FINISHED,NELLIS OUTLET,,RC SORTABLE,,55.38,1.54,65,2026-01-19T07:00:00.000Z,
85ef03f9-f0a5-11f0-95e2-42010a40000b,ITEM PROCESSING FINISHED,NELLIS OUTLET,,RC NONSORT,,112.5,3.13,32,2026-01-19T07:00:00.000Z,
85eef414-f0a5-11f0-95e2-42010a40000b,ITEM PUTAWAY,NELLIS OUTLET,MEDIUM,,,20,0.56,180,2026-01-19T07:00:00.000Z,
85ef2a4e-f0a5-11f0-95e2-42010a40000b,MULTI-ITEM PROCESS FINISHED,NELLIS OUTLET,,FC NONSORT,,15,0.42,240,2026-01-19T07:00:00.000Z,
85ef17cd-f0a5-11f0-95e2-42010a40000b,MULTI-ITEM PROCESS FINISHED,NELLIS OUTLET,,RC SORTABLE,,13.85,0.38,260,2026-01-19T07:00:00.000Z,
85eef96e-f0a5-11f0-95e2-42010a40000b,ITEM PUTAWAY,NELLIS OUTLET,LARGE,,,37.89,1.05,95,2026-01-19T07:00:00.000Z,
85ef215d-f0a5-11f0-95e2-42010a40000b,MULTI-ITEM PROCESS FINISHED,NELLIS OUTLET,,RC NONSORT,,28.13,0.78,128,2026-01-19T07:00:00.000Z,
e511089a-0c44-11f1-95e2-42010a40000b,MARKED ITEM AS FOUND,NELLIS OUTLET,X-LARGE,,,144,4,25,2026-02-18T07:00:00.000Z,
e53dda0d-0c44-11f1-95e2-42010a40000b,MARKED ITEM AS FOUND,NELLIS OUTLET,MEDIUM,,,20,0.56,180,2026-02-18T07:00:00.000Z,
e4ca8ed6-0c44-11f1-95e2-42010a40000b,MARKED ITEM AS FOUND,NELLIS OUTLET,SMALL,,,11.61,0.32,310,2026-02-18T07:00:00.000Z,
e575a8d2-0c44-11f1-95e2-42010a40000b,MARKED ITEM AS FOUND,NELLIS OUTLET,LARGE,,,37.89,1.05,95,2026-02-18T07:00:00.000Z,